,Position,AminoAcid,Count
0,[102],['A'],68
1,[102],['C'],47
2,[102],['E'],311
3,[102],['F'],12
4,[102],['G'],137
5,[102],['H'],16
6,[102],['K'],2
7,[102],['L'],115
8,[102],['M'],238
9,[102],['N'],79
10,[102],['P'],31
11,[102],['Q'],115
12,[102],['R'],275
13,[102],['S'],80
14,[102],['T'],71
15,[102],['V'],105
16,[102],['W'],109
17,[102],['X'],248
18,[111],['A'],961
19,[111],['C'],325
20,[111],['D'],643
21,[111],['E'],391
22,[111],['F'],325
23,[111],['G'],1204
24,[111],['H'],238
25,[111],['I'],230
26,[111],['K'],146
27,[111],['L'],747
28,[111],['M'],527
29,[111],['N'],282
30,[111],['N/A'],3
31,[111],['P'],268
32,[111],['Q'],202
33,[111],['R'],751
34,[111],['S'],813
35,[111],['T'],377
36,[111],['V'],1266
37,[111],['W'],246
38,[111],['X'],175
39,[111],['Y'],286
40,[115],['C'],12
41,[115],['F'],2
42,[115],['I'],13
43,[115],['L'],16
44,[115],['S'],2
45,[115],['V'],19
46,[115],['Y'],9
47,[122],['A'],91
48,[122],['C'],447
49,[122],['D'],1187
50,[122],['E'],386
51,[122],['F'],121
52,[122],['G'],1324
53,[122],['H'],364
54,[122],['I'],368
55,[122],['K'],619
56,[122],['L'],372
57,[122],['M'],720
58,[122],['N'],2
59,[122],['P'],11
60,[122],['Q'],38
61,[122],['R'],786
62,[122],['S'],522
63,[122],['T'],144
64,[122],['V'],437
65,[122],['W'],132
66,[122],['X'],69
67,[122],['Y'],378
68,[131],['A'],276
69,[131],['C'],313
70,[131],['D'],207
71,[131],['E'],217
72,[131],['F'],578
73,[131],['G'],322
74,[131],['H'],93
75,[131],['I'],197
76,[131],['K'],123
77,[131],['L'],483
78,[131],['M'],84
79,[131],['N'],131
80,[131],['P'],117
81,[131],['Q'],90
82,[131],['R'],474
83,[131],['S'],497
84,[131],['T'],153
85,[131],['V'],549
86,[131],['W'],339
87,[131],['X'],221
88,[131],['Y'],186
89,[142],['A'],324
90,[142],['C'],179
91,[142],['D'],122
92,[142],['E'],380
93,[142],['F'],95
94,[142],['G'],906
95,[142],['H'],162
96,[142],['I'],204
97,[142],['K'],262
98,[142],['L'],775
99,[142],['M'],511
100,[142],['N'],64
101,[142],['P'],241
102,[142],['Q'],306
103,[142],['R'],1206
104,[142],['S'],354
105,[142],['T'],255
106,[142],['V'],593
107,[142],['W'],445
108,[142],['X'],306
109,[142],['Y'],72
110,[146],['A'],195
111,[146],['C'],360
112,[146],['D'],428
113,[146],['E'],585
114,[146],['F'],142
115,[146],['G'],901
116,[146],['H'],32
117,[146],['I'],36
118,[146],['K'],144
119,[146],['L'],192
120,[146],['M'],67
121,[146],['N'],167
122,[146],['P'],18
123,[146],['Q'],93
124,[146],['R'],212
125,[146],['S'],200
126,[146],['T'],125
127,[146],['V'],345
128,[146],['W'],683
129,[146],['X'],1313
130,[146],['Y'],1118
131,[166],['A'],541
132,[166],['C'],491
133,[166],['D'],270
134,[166],['E'],327
135,[166],['F'],1135
136,[166],['G'],1019
137,[166],['H'],27
138,[166],['I'],167
139,[166],['K'],75
140,[166],['L'],558
141,[166],['M'],79
142,[166],['N'],95
143,[166],['P'],23
144,[166],['Q'],2
145,[166],['R'],162
146,[166],['S'],327
147,[166],['T'],14
148,[166],['V'],744
149,[166],['W'],372
150,[166],['X'],136
151,[166],['Y'],272
152,[168],['A'],308
153,[168],['C'],136
154,[168],['D'],227
155,[168],['E'],349
156,[168],['F'],207
157,[168],['G'],1069
158,[168],['H'],45
159,[168],['I'],471
160,[168],['K'],243
161,[168],['L'],483
162,[168],['M'],576
163,[168],['N'],232
164,[168],['P'],78
165,[168],['Q'],53
166,[168],['R'],841
167,[168],['S'],759
168,[168],['T'],248
169,[168],['V'],602
170,[168],['W'],233
171,[168],['X'],127
172,[168],['Y'],110
173,[175],['A'],366
174,[175],['C'],278
175,[175],['D'],215
176,[175],['E'],301
177,[175],['F'],184
178,[175],['G'],1638
179,[175],['H'],87
180,[175],['I'],153
181,[175],['K'],219
182,[175],['L'],240
183,[175],['M'],75
184,[175],['N'],178
185,[175],['P'],140
186,[175],['Q'],136
187,[175],['R'],727
188,[175],['S'],397
189,[175],['T'],68
190,[175],['V'],716
191,[175],['W'],386
192,[175],['X'],216
193,[175],['Y'],79
194,[90],['A'],419
195,[90],['C'],258
196,[90],['D'],194
197,[90],['E'],119
198,[90],['F'],155
199,[90],['G'],409
200,[90],['H'],247
201,[90],['I'],391
202,[90],['K'],126
203,[90],['L'],329
204,[90],['M'],89
205,[90],['N'],392
206,[90],['P'],132
207,[90],['Q'],93
208,[90],['R'],172
209,[90],['S'],650
210,[90],['T'],661
211,[90],['V'],227
212,[90],['W'],127
213,[90],['X'],82
214,[90],['Y'],229
